BLES00796,2010 FIFA World Cup [BLES00796].iso
BLES00909,AC Brotherhood [BLES00909].iso
BLES01467,AC Revelations [BLES01467].iso
BLUS30607,Alice Madness Returns [BLUS30607].iso
BLES01697,Alien Isolation [BLES01697].iso
BLUS31273,Angry Birds Star Wars [BLUS31273].iso
BLES01732,Angry Birds Trilogy [BLES01732].iso
BLES01882,'Assassin''s Creed 4 Black Flag [BLES01882].iso'
BLES00899,'Assassin''s Creed II  [BLES00899].iso'
BLUS30991,'Assassin''s Creed III [BLUS30991].iso'
BLES00158,'Assassin''s Creed [BLES00158].iso'
BLES00503,Batman Arkham Asylum [BLES00503].iso
BLES00926,Batman Arkham City [BLES00926].iso
BLUS31207,Batman Arkham Origins [BLUS31207].iso
BLUS30762,BATTLEFIELD 3 [BLUS30762].iso
BLUS31162,Battlefield 4 [BLUS31162].iso
Código no encontrado,Bayonetta (Japan) (v02.00).iso
BLUS30367,BAYONETTA [BLUS30367].iso
BLES01469,Ben 10 Galactic Racing [BLES01469].iso
BCES01122,Beyond Two Souls [BCES01122].iso
BLUS30166,BioShock [BLUS30166].iso
BLES00155,Call Of Duty 4 Modern Warfare [BLES00155].iso
BLUS31466,Call of Duty Advanced Warfare [BLUS31466].iso
BLUS31140,Call of Duty Black Ops II [BLUS31140].iso
BLES02166,Call of Duty Black Ops III [BLES02166].iso
BLES01032,Call of Duty Black Ops [BLES01032].iso
BLUS30838,Call of Duty Modern Warfare 3 [BLUS30838].iso
BLES00357,Call of Duty World at War [BLES00357].iso
BLES01167,Captain America Super Soldier [BLES01167].iso
BCUS98271,Carnival Island [BCUS98271].iso
BLES02249,Cars 3 Driven to Win [BLES02249].iso
BLUS30999,Castlevania Lords of Shadow 2 [BLUS30999].iso
BLES01047,Castlevania Lords of Shadow [BLES01047].iso
BLES01459,Catherine [BLES01459].iso
BLUS30283,Command & Conquer Red Alert 3 [BLUS30283].iso
BLES01427,Crash Time 4 - The Syndicate [BLES01427].iso
BLES01060,Crysis2 [BLES01060].iso
BLUS30976,Crysis3 [BLUS30976].iso
BLUS30405,'Dante''s Inferno [BLUS30405].iso'
BLES01959,DARK SOULS II [BLES01959].iso
BLUS30782,DARK SOULS [BLUS30782].iso
BLES01956,Dead Island Riptide Complete Edition [BLES01956].iso
BLES00948,Dead Rising 2 [BLES00948].iso
BLES01041,Dead Space 2 [BLES01041].iso
BLUS31053,Dead Space 3 [BLUS31053].iso
BLUS30177,Dead Space [BLUS30177].iso
BLUS31146,Deadpool [BLUS31146].iso
BLUS30443,'Demon''s Souls [BLUS30443].iso'
BLES00186,Devil May Cry 4 [BLES00186].iso
BLES02035,Diablo III Reaper of Souls – Ultimate Evil Edition [BLES02035].iso
BLES01287,DiRT 3 [BLES01287].iso
BLES01354,Disney Universe [BLES01354].iso
BLUS30723,DmC Devil May Cry [BLUS30723].iso
BLUS31024,Doom 3 BFG Edition [BLUS31024].iso
BLES01076,Dragon Age Origins - Ultimate Edition [BLES01076].iso
BLUS30581,Dragon Ball Raging Blast 2 [BLUS30581].iso
BLES00693,Dragon Ball Raging Blast [BLES00693].iso
BLES02096,DRAGON BALL XENOVERSE [BLES02096].iso
BLES01941,Dragon Ball Z Battle of Z [BLES01941].iso
BLES00231,DRAGON BALL Z BURST LIMIT [BLES00231].iso
BLUS30823,Dragon Ball Z Ultimate Tenkaichi [BLUS30823].iso
BLUS30767,'Dragon''s Crown [BLUS30767].iso'
BLES01373,DreamWorks Super Star Kartz [BLES01373].iso
BLUS31368,DuckTales Remastered [BLUS31368].iso
BLES01161,Dungeon Siege III [BLES01161].iso
BLES01994,EA SPORTS 2014 FIFA World Cup Brazil [BLES01994].iso
BLES00709,EA SPORTS GRAND SLAM TENNIS 2 [BLES00709].iso
BLUS31198,EL CHAVO KART [BLUS31198].iso
BLUS31433,Escape Dead Island [BLUS31433].iso
BLES00963,F.E.A.R. 3 [BLES00963].iso
BLES00741,FALLOUT 3 GAME OF THE YEAR [BLES00741].iso
BLES01625,Family Guy Back To The Multiverse [BLES01625].iso
BLUS31420,Far Cry 4 [BLUS31420].iso
BLES01676,FIFA 13 [BLES01676].iso
BLES01876,FIFA 14 [BLES01876].iso
BLUS31610,FIFA 18 [BLUS31610].iso
BLES02258,FIFA 19 [BLES02258].iso
BLES00188,FIFA Street 3 [BLES00188].iso
BLES01493,FIFA Street [BLES01493].iso
BLUS30608,FIGHT NIGHT CHAMPION [BLUS30608].iso
BLUS30285,FIGHT NIGHT ROUND 4 [BLUS30285].iso
BLUS30307,GHOSTBUSTERS The Video Game [BLUS30307].iso
BCUS98232,God of War Ascension [BCUS98232].iso
BCES00791,God of War Collection [BCES00791].iso
BCES00510,God of War III [BCES00510].iso
BCUS98289,God of War® Origins Collection [BCUS98289].iso
BCUS98114,Gran Turismo 5 [BCUS98114].iso
BCES01893,Gran Turismo6 [BCES01893].iso
BLES01128,Grand Theft Auto 4 Complete Edition [BLES01128].iso
BLUS31156,Grand Theft Auto V [BLUS31156].iso
BLES00134,Guitar Hero III Legends of Rock [BLES00134].iso
BCES00078,Heavenly Sword [BCES00078].iso
BCES00797,HEAVY RAIN [BCES00797].iso
BCES01097,ICO & Shadow of the Colossus Classics HD (BCES-01097 EU) [BCES01097].iso
BCUS98125,inFAMOUS 2 [BCUS98125].iso
BCUS98119,inFamous [BCUS98119].iso
BLES01967,Injustice Gods Among Us Ultimate Edition [BLES01967].iso
BLUS30134,Iron Man [BLUS30134].iso
BCUS98281,Jak and Daxter Collection [BCUS98281].iso
BLUS30102,Kane & Lynch Dead Men [BLUS30102].iso
BLES01856,KILLER IS DEAD [BLES01856].iso
BCES00081,Killzone2 [BCES00081].iso
BCUS98234,Killzone3 [BCUS98234].iso
BLES01488,L.A. Noire Complete Edition [BLES01488].iso
BLES01613,LEGO Batman 2 DC Super Heroes [BLES01613].iso
BLUS31434,LEGO Batman 3 [BLUS31434].iso
BLES02105,LEGO DIMENSIONS [BLES02105].iso
BLES02132,LEGO Jurassic World [BLES02132].iso
BLES01831,LEGO MARVEL Super Heroes [BLES01831].iso
BLES02169,'LEGO MARVEL''s Avengers [BLES02169].iso'
BLUS31578,LEGO STAR WARS The Force Awakens [BLUS31578].iso
BLUS31392,LEGO The Hobbit [BLUS31392].iso
BLES01811,LIGHTNING RETURNS FINAL FANTASY XIII [BLES01811].iso
BCES01422,LittleBigPlanet Karting [BCES01422].iso
BCUS98148,LittleBigPlanet [BCUS98148].iso
BCES00850,LittleBigPlanet2 (EU) [BCES00850].iso
BCUS98362,LittleBigPlanet3 [BCUS98362].iso
BLUS31020,Lost Planet 3 [BLUS31020].iso
BLUS30980,Madagascar 3 [BLUS30980].iso
BLUS30219,Madagascar Escape 2 Africa [BLUS30219].iso
BLES00735,Madagascar Kartz [BLES00735].iso
BLES01379,Marvel Super Hero Squad Comic Combat [BLES01379].iso
BLES00895,Marvel Super Hero Squad The Infinity Gauntlet [BLES00895].iso
BLES00942,Max Payne 3 [BLES00942].iso
BLES01750,METAL GEAR RISING REVENGEANCE [BLES01750].iso
BLES00246,METAL GEAR SOLID 4 GUNS OF THE PATRIOTS [BLES00246].iso
BLUS30442,Midnight Club Los Angeles [BLUS30442].iso
BLES01976,Minecraft PlayStation3 Edition [BLES01976].iso
BLES00322,'Mirror''s Edge [BLES00322].iso'
BLES00683,Modern Warfare 2 [BLES00683].iso
BLES01079,Monster Jam Path of Destruction [BLES01079].iso
BLES01508,Mortal Kombat Komplete Edition [BLES01508].iso
BLUS30246,Mortal Kombat vs. DC Universe [BLUS30246].iso
BCES00484,MOTORSTORM APOCALYPSE [BCES00484].iso
BCUS98155,MOTORSTORM PACIFIC RIFT [BCUS98155].iso
BLES01481,NARUTO Shippuden Ultimate Ninja Storm Generations [BLES01481].iso
BLES02014,NARUTO SHIPPUDEN Ultimate Ninja STORM Revolution [BLES02014].iso
BLES00655,NBA 2K10 [BLES00655].iso
BLES01008,NBA 2K11 [BLES01008].iso
BLES02255,NBA 2K18 [BLES02255].iso
BLUS30016,Need for Speed Carbon [BLUS30016].iso
BLES00949,Need for Speed Hot Pursuit [BLES00949].iso
BLUS30066,Need for Speed ProStreet [BLUS30066].iso
BLUS30757,Need for Speed The Run [BLUS30757].iso
BLES02037,NHL 15 [BLES02037].iso
BLUS31458,PAC-MAN and the Ghostly Adventures 2 [BLUS31458].iso
BLES02247,Persona 5 [BLES02247].iso
BLUS31604,Persona 5 [BLUS31604].iso
BLUS30805,PES 2012 - Pro Evolution Soccer.ISO
BLUS30852,Plants vs. Zombies [BLUS30852].iso
BLUS30732,Portal 2 [BLUS30732].iso
BLUS30401,Prince of Persia The Forgotten Sands [BLUS30401].iso
BLES00688,Pro Evolution Soccer 2010 [BLES00688].iso
BLUS30610,Pro Evolution Soccer 2011 [BLUS30610].iso
BLUS30805,Pro Evolution Soccer 2012 [BLUS30805].iso
BLUS31029,Pro Evolution Soccer 2013 [BLUS31029].iso
BLUS31322,Pro Evolution Soccer 2014 [BLUS31322].iso
BLES02252,PRO EVOLUTION SOCCER 2018 [BLES02252].iso
BCES00935,Puppeteer [BCES00935].iso
BCES00511,Ratchet & Clank A Crack in Time [BCES00511].iso
BCUS99245,Ratchet & Clank Into the Nexus [BCUS99245].iso
BCUS98127,Ratchet and Clank Future Tools of Destruction [BCUS98127].iso
BLUS31183,Rayman Legends [BLUS31183].iso
BLES01386,Rayman Origins [BLES01386].iso
BLES01294,Red Dead Redemption Game of the Year Edition [BLES01294].iso
BLUS30711,Red Dead Redemption [BLUS30711].iso
BLUS30491,RESIDENT EVIL 5 GOLD EDITION [BLUS30491].iso
BLES01465,RESIDENT EVIL 6 [BLES01465].iso
BLES01288,RESIDENT EVIL Operation Raccoon City [BLES01288].iso
BLUS31444,RESIDENT EVIL REVELATIONS 2 [BLUS31444].iso
BLES01773,Resident Evil Revelations [BLES01773].iso
BCES01118,Resistance 3 [BCES01118].iso
BLES01760,RISE OF THE GUARDIANS [BLES01760].iso
BLUS30876,Sacred 3 [BLUS30876].iso
BLES01936,Saint Seiya Brave Soldiers [BLES01936].iso
BLES01421,Saint Seiya Sanctuary Battle [BLES01421].iso
BLES02181,'Saint Seiya Soldiers'' Soul [BLES02181].iso'
BLUS31205,Saints Row IV [BLUS31205].iso
BLUS30653,Shadows of the Damned [BLUS30653].iso
BLES01066,SHIFT 2 UNLEASHED [BLES01066].iso
BLUS30565,Silent Hill Downpour [BLUS30565].iso
BLES01504,Silent Hill HD Collection [BLES01504].iso
BLES00460,Silent Hill Homecoming [BLES00460].iso
BCES00294,Siren Blood Curse [BCES00294].iso
BLES01661,Sleeping Dogs [BLES01661].iso
NPUB31410,Slender - The Arrival [NPUB31410].iso
BLUS30612,SONIC GENERATIONS [BLUS30612].iso
BLES00425,SONIC UNLEASHED [BLES00425].iso
BLUS30244,SONIC UNLEASHED [BLUS30244].iso
BLUS30259,'Sonic''s Ultimate Genesis Collection [BLUS30259].iso'
BLUS31191,South Park The Stick of Truth [BLUS31191].iso
BLUS30531,Spec Ops The Line [BLUS30531].iso
BLUS30760,Spider-Man Edge of Time [BLUS30760].iso
BLES00946,Spider-Man Shattered Dimensions [BLES00946].iso
BLES00770,SUPER STREET FIGHTER IV ARCADE EDITION [BLES00770].iso
BLES00635,TEKKEN 6 [BLES00635].iso
BLES01702,TEKKEN TAG TOURNAMENT 2 [BLES01702].iso
BLES01938,Terraria [BLES01938].iso
BLUS30828,The Amazing Spider-Man [BLUS30828].iso
BLES00532,The Beatles Rock Band [BLES00532].iso
BLUS30743,The Darkness II [BLUS30743].iso
BLES02093,The Evil Within [BLES02093].iso
HPEB00849,THE HOUSE OF THE DEAD 3 [HPEB00849].iso
HPEB00857,THE HOUSE OF THE DEAD 4 [HPEB00857].iso
BLES00289,THE INCREDIBLE HULK [BLES00289].iso
BLUS30845,THE KING OF FIGHTERS XIII [BLUS30845].iso
BCUS98174,The Last of Us [BCUS98174].iso
BLUS30609,The Sims 3 [BLUS30609].iso
BLES01975,The Walking Dead [BLES01975].iso
BLES01780,Tomb Raider [BLES01780].iso
BLES00668,Top Spin 4 [BLES00668].iso
BLUS30681,TRANSFORMERS Fall of Cybertron [BLUS30681].iso
BLUS30357,Transformers War for Cybertron [BLUS30357].iso
BLES01849,Turbo Super Stunt Squad [BLES01849].iso
BCUS98106,Twisted Metal [BCUS98106].iso
BLES01231,UFC Undisputed 3 [BLES01231].iso
BLUS30787,ULTIMATE MARVEL VS. CAPCOM 3 [BLUS30787].iso
BCES00509,Uncharted 2 Among Thieves [BCES00509].iso
BCUS98233,'Uncharted 3 Drake''s Deception [BCUS98233].iso'
BCES00065,'Uncharted Drake''s Fortune [BCES00065].iso'
BLES00912,Virtua Tennis 4 [BLES00912].iso
BLUS31176,WATCH_DOGS [BLUS31176].iso
BCES00664,WipEout HD Fury [BCES00664].iso
BLUS31599,WWE 2K17 [BLUS31599].iso
BLUS31203,Yaiba Ninja Gaiden Z [BLUS31203].iso
BLUS30494,YAKUZA 3 [BLUS30494].iso
BLUS30643,YAKUZA 4 [BLUS30643].iso
BLES01533,[PROTOTYPE2] [BLES01533].iso
BLUS30756,[PROTOTYPE2] [BLUS30756].iso
BLUS30145,[PROTOTYPE] [BLUS30145].iso
